<edmx:Edmx
    xmlns:edmx="http://schemas.microsoft.com/ado/2007/06/edmx" Version="1.0">
    <edmx:DataServices
        xmlns:m="http://schemas.microsoft.com/ado/2007/08/dataservices/metadata" m:DataServiceVersion="2.0">
        <Schema
            xmlns="http://schemas.microsoft.com/ado/2008/09/edm" Namespace="ZPEDIDOS_RFC_SRV" xml:lang="en">
            <EntityType
                xmlns:sap="http://www.sap.com/Protocols/SAPData" Name="SalesOrder" sap:content-version="1">
                <Key>
                    <PropertyRef Name="SoId"/>
                </Key>
                <Property Name="BuyerId" Type="Edm.String" Nullable="false" MaxLength="10" sap:label="Bus. Part. ID"/>
                <Property Name="Note" Type="Edm.String" Nullable="false" MaxLength="255" sap:label="Description"/>
                <Property Name="SoId" Type="Edm.String" Nullable="false" MaxLength="10" sap:label="Sa. Ord. ID"/>
                <Property Name="BuyerName" Type="Edm.String" Nullable="false" MaxLength="80" sap:label="Company Name"/>
                <Property Name="CurrencyCode" Type="Edm.String" Nullable="false" MaxLength="5" sap:label="Currency" sap:semantics="currency-code"/>
                <Property Name="GrossAmount" Type="Edm.Decimal" Nullable="false" Precision="8" Scale="2" sap:label="Gross Amt."/>
                <Property Name="NetAmount" Type="Edm.Decimal" Nullable="false" Precision="8" Scale="2" sap:label="Net Amt."/>
                <Property Name="TaxAmount" Type="Edm.Decimal" Nullable="false" Precision="8" Scale="2" sap:label="Tax Amt."/>
                <NavigationProperty Name="SalesOrderItems" Relationship="ZPEDIDOS_RFC_SRV.SalesOrderSalesOrderItems" FromRole="FromRole_SalesOrderSalesOrderItems" ToRole="ToRole_SalesOrderSalesOrderItems"/>
            </EntityType>
            <EntityType
                xmlns:sap="http://www.sap.com/Protocols/SAPData" Name="SalesOrderItem" sap:content-version="1">
                <Key>
                    <PropertyRef Name="SoItemPos"/>
                    <PropertyRef Name="SoId"/>
                </Key>
                <Property Name="QuantityUnit" Type="Edm.String" Nullable="false" MaxLength="3" sap:label="Qty. Unit" sap:semantics="unit-of-measure"/>
                <Property Name="Quantity" Type="Edm.Decimal" Nullable="false" Precision="7" Scale="3" sap:label="Quantity"/>
                <Property Name="TaxAmount" Type="Edm.Decimal" Nullable="false" Precision="8" Scale="2" sap:label="Tax Amt."/>
                <Property Name="NetAmount" Type="Edm.Decimal" Nullable="false" Precision="8" Scale="2" sap:label="Net Amt."/>
                <Property Name="GrossAmount" Type="Edm.Decimal" Nullable="false" Precision="8" Scale="2" sap:label="Gross Amt."/>
                <Property Name="CurrencyCode" Type="Edm.String" Nullable="false" MaxLength="5" sap:label="Currency" sap:semantics="currency-code"/>
                <Property Name="Note" Type="Edm.String" Nullable="false" MaxLength="255" sap:label="Description"/>
                <Property Name="ProductId" Type="Edm.String" Nullable="false" MaxLength="10" sap:label="Product ID"/>
                <Property Name="SoItemPos" Type="Edm.String" Nullable="false" MaxLength="10" sap:label="PO Item Pos"/>
                <Property Name="SoId" Type="Edm.String" Nullable="false" MaxLength="10" sap:label="Sa. Ord. ID"/>
                <NavigationProperty Name="SalesOrder" Relationship="ZPEDIDOS_RFC_SRV.SalesOrderSalesOrderItems" FromRole="ToRole_SalesOrderSalesOrderItems" ToRole="FromRole_SalesOrderSalesOrderItems"/>
            </EntityType>
            <Association
                xmlns:sap="http://www.sap.com/Protocols/SAPData" Name="SalesOrderSalesOrderItems" sap:content-version="1">
                <End Type="ZPEDIDOS_RFC_SRV.SalesOrder" Multiplicity="1" Role="FromRole_SalesOrderSalesOrderItems"/>
                <End Type="ZPEDIDOS_RFC_SRV.SalesOrderItem" Multiplicity="*" Role="ToRole_SalesOrderSalesOrderItems"/>
                <ReferentialConstraint>
                    <Principal Role="FromRole_SalesOrderSalesOrderItems">
                        <PropertyRef Name="SoId"/>
                    </Principal>
                    <Dependent Role="ToRole_SalesOrderSalesOrderItems">
                        <PropertyRef Name="SoId"/>
                    </Dependent>
                </ReferentialConstraint>
            </Association>
            <EntityContainer Name="ZPEDIDOS_RFC_SRV" m:IsDefaultEntityContainer="true">
                <EntitySet
                    xmlns:sap="http://www.sap.com/Protocols/SAPData" Name="SalesOrderItemCollection" EntityType="ZPEDIDOS_RFC_SRV.SalesOrderItem" sap:content-version="1"/>
                    <EntitySet
                        xmlns:sap="http://www.sap.com/Protocols/SAPData" Name="SalesOrderCollection" EntityType="ZPEDIDOS_RFC_SRV.SalesOrder" sap:content-version="1"/>
                        <AssociationSet
                            xmlns:sap="http://www.sap.com/Protocols/SAPData" Name="SalesOrderSalesOrderItems" Association="ZPEDIDOS_RFC_SRV.SalesOrderSalesOrderItems" sap:creatable="false" sap:updatable="false" sap:deletable="false" sap:content-version="1">
                            <End EntitySet="SalesOrderCollection" Role="FromRole_SalesOrderSalesOrderItems"/>
                            <End EntitySet="SalesOrderItemCollection" Role="ToRole_SalesOrderSalesOrderItems"/>
                        </AssociationSet>
                    </EntityContainer>
                    <atom:link
                        xmlns:atom="http://www.w3.org/2005/Atom" rel="self" href="./sap/opu/odata/sap/ZPEDIDOS_RFC_SRV/$metadata"/>
                        <atom:link
                            xmlns:atom="http://www.w3.org/2005/Atom" rel="latest-version" href="./sap/opu/odata/sap/ZPEDIDOS_RFC_SRV/$metadata"/>
                        </Schema>
                    </edmx:DataServices>
                </edmx:Edmx>